Title;Uploader;ViewCount;Link
ğŸ‘©ğŸ»â€ğŸ’» Top 5 Programming Languages And Founders #shorts;MrSanyi;"141 weergaven
1 dag geleden";https://www.youtube.com/shorts/pxOMJZg-ed8
All pseudo code element in CSS #coding #html #developers #css #developers #programming #shortsvideo;Code With Mani;"457 weergaven
1 dag geleden";https://www.youtube.com/shorts/xE9NzfPyG9A
Glowing Animation | #programming #shorts #coding #shorts #html #css;Quick Learn Programming;"807 weergaven
1 dag geleden";https://www.youtube.com/shorts/lHYn28uLZtI
Triangle ğŸ“ pattern in python| patter in python #pattern #coding # programming;Learn Tech With Smriti;"21 weergaven
1 dag geleden";https://www.youtube.com/shorts/geq2kTv1_t0
How to land a job in MAANG #ezsnippet #coding #programming #motivation #ezLive;ezsnippetlive;"363 weergaven
1 dag geleden";https://www.youtube.com/shorts/Ph32yRXqh8c
